[{"model": "admin.logentry", "pk": 2, "fields": {"action_time": "2025-06-17T17:51:25.956Z", "user": 2, "content_type": 7, "object_id": "1", "object_repr": "Community object (1)", "action_flag": 1, "change_message": "[{\"added\": {}}]"}}, {"model": "admin.logentry", "pk": 3, "fields": {"action_time": "2025-06-17T17:52:28.662Z", "user": 2, "content_type": 7, "object_id": "2", "object_repr": "Community object (2)", "action_flag": 1, "change_message": "[{\"added\": {}}]"}}, {"model": "admin.logentry", "pk": 4, "fields": {"action_time": "2025-06-17T17:54:01.056Z", "user": 2, "content_type": 4, "object_id": "3", "object_repr": "Ivanov", "action_flag": 1, "change_message": "[{\"added\": {}}]"}}, {"model": "admin.logentry", "pk": 5, "fields": {"action_time": "2025-06-17T17:55:41.021Z", "user": 2, "content_type": 3, "object_id": "1", "object_repr": "KrOk", "action_flag": 1, "change_message": "[{\"added\": {}}]"}}, {"model": "admin.logentry", "pk": 6, "fields": {"action_time": "2025-06-17T17:55:50.235Z", "user": 2, "content_type": 4, "object_id": "3", "object_repr": "Ivanov", "action_flag": 2, "change_message": "[]"}}, {"model": "admin.logentry", "pk": 7, "fields": {"action_time": "2025-06-19T17:03:11.614Z", "user": 2, "content_type": 3, "object_id": "2", "object_repr": "Председатель", "action_flag": 1, "change_message": "[{\"added\": {}}]"}}, {"model": "admin.logentry", "pk": 8, "fields": {"action_time": "2025-06-19T17:03:28.559Z", "user": 2, "content_type": 3, "object_id": "3", "object_repr": "Правление", "action_flag": 1, "change_message": "[{\"added\": {}}]"}}, {"model": "admin.logentry", "pk": 9, "fields": {"action_time": "2025-06-19T17:06:05.575Z", "user": 2, "content_type": 4, "object_id": "4", "object_repr": "Petrov", "action_flag": 1, "change_message": "[{\"added\": {}}]"}}, {"model": "admin.logentry", "pk": 10, "fields": {"action_time": "2025-06-19T17:11:00.936Z", "user": 2, "content_type": 4, "object_id": "4", "object_repr": "Petrov", "action_flag": 2, "change_message": "[{\"changed\": {\"fields\": [\"Groups\", \"User permissions\"]}}]"}}, {"model": "admin.logentry", "pk": 11, "fields": {"action_time": "2025-06-19T17:16:04.750Z", "user": 2, "content_type": 4, "object_id": "4", "object_repr": "Petrov", "action_flag": 2, "change_message": "[{\"changed\": {\"fields\": [\"Groups\"]}}]"}}, {"model": "admin.logentry", "pk": 12, "fields": {"action_time": "2025-06-19T17:18:20.410Z", "user": 2, "content_type": 4, "object_id": "4", "object_repr": "Petrov", "action_flag": 2, "change_message": "[{\"changed\": {\"fields\": [\"Groups\", \"User permissions\"]}}]"}}, {"model": "admin.logentry", "pk": 13, "fields": {"action_time": "2025-06-21T06:52:55.345Z", "user": 2, "content_type": 4, "object_id": "3", "object_repr": "Ivanov", "action_flag": 2, "change_message": "[{\"changed\": {\"fields\": [\"Groups\"]}}]"}}, {"model": "admin.logentry", "pk": 14, "fields": {"action_time": "2025-06-22T12:08:33.631Z", "user": 2, "content_type": 11, "object_id": "1", "object_repr": "Profile object (1)", "action_flag": 1, "change_message": "[{\"added\": {}}]"}}, {"model": "admin.logentry", "pk": 15, "fields": {"action_time": "2025-06-22T12:12:34.273Z", "user": 2, "content_type": 4, "object_id": "3", "object_repr": "Ivanov_Ivan_Ivanovich", "action_flag": 2, "change_message": "[{\"changed\": {\"fields\": [\"Username\"]}}]"}}, {"model": "admin.logentry", "pk": 16, "fields": {"action_time": "2025-06-22T12:15:05.973Z", "user": 2, "content_type": 12, "object_id": "1", "object_repr": "Voting object (1)", "action_flag": 1, "change_message": "[{\"added\": {}}]"}}, {"model": "admin.logentry", "pk": 17, "fields": {"action_time": "2025-06-22T12:15:59.897Z", "user": 2, "content_type": 4, "object_id": "3", "object_repr": "Ivanov", "action_flag": 2, "change_message": "[{\"changed\": {\"fields\": [\"Username\"]}}]"}}, {"model": "admin.logentry", "pk": 18, "fields": {"action_time": "2025-06-22T12:31:20.207Z", "user": 2, "content_type": 11, "object_id": "2", "object_repr": "Profile object (2)", "action_flag": 1, "change_message": "[{\"added\": {}}]"}}, {"model": "admin.logentry", "pk": 19, "fields": {"action_time": "2025-06-22T12:32:20.217Z", "user": 2, "content_type": 4, "object_id": "5", "object_repr": "Ivanov_2", "action_flag": 1, "change_message": "[{\"added\": {}}]"}}, {"model": "admin.logentry", "pk": 20, "fields": {"action_time": "2025-06-22T12:35:12.957Z", "user": 2, "content_type": 11, "object_id": "3", "object_repr": "Ivanov_2", "action_flag": 1, "change_message": "[{\"added\": {}}]"}}, {"model": "admin.logentry", "pk": 21, "fields": {"action_time": "2025-06-22T12:38:11.496Z", "user": 2, "content_type": 4, "object_id": "6", "object_repr": "Ivanov_3", "action_flag": 1, "change_message": "[{\"added\": {}}]"}}, {"model": "admin.logentry", "pk": 22, "fields": {"action_time": "2025-06-22T12:38:32.309Z", "user": 2, "content_type": 11, "object_id": "4", "object_repr": "Ivanov_3", "action_flag": 1, "change_message": "[{\"added\": {}}]"}}, {"model": "admin.logentry", "pk": 23, "fields": {"action_time": "2025-06-22T12:51:42.199Z", "user": 2, "content_type": 7, "object_id": "1", "object_repr": "Красный октябрь", "action_flag": 2, "change_message": "[{\"changed\": {\"fields\": [\"Name\"]}}]"}}, {"model": "admin.logentry", "pk": 24, "fields": {"action_time": "2025-06-22T13:01:20.421Z", "user": 2, "content_type": 12, "object_id": "2", "object_repr": "Голосование №2 Красный октябрь", "action_flag": 1, "change_message": "[{\"added\": {}}]"}}, {"model": "admin.logentry", "pk": 25, "fields": {"action_time": "2025-06-22T13:01:40.472Z", "user": 2, "content_type": 12, "object_id": "3", "object_repr": "Голосование СТ Мечта", "action_flag": 1, "change_message": "[{\"added\": {}}]"}}, {"model": "admin.logentry", "pk": 26, "fields": {"action_time": "2025-06-22T13:03:41.849Z", "user": 2, "content_type": 4, "object_id": "7", "object_repr": "Sidorov", "action_flag": 1, "change_message": "[{\"added\": {}}]"}}, {"model": "admin.logentry", "pk": 27, "fields": {"action_time": "2025-06-22T13:04:38.479Z", "user": 2, "content_type": 11, "object_id": "5", "object_repr": "Sidorov", "action_flag": 1, "change_message": "[{\"added\": {}}]"}}, {"model": "admin.logentry", "pk": 28, "fields": {"action_time": "2025-06-22T14:21:39.802Z", "user": 2, "content_type": 7, "object_id": "2", "object_repr": "Мечта", "action_flag": 2, "change_message": "[{\"changed\": {\"fields\": [\"Name\"]}}]"}}, {"model": "admin.logentry", "pk": 29, "fields": {"action_time": "2025-06-22T14:52:40.165Z", "user": 2, "content_type": 11, "object_id": "2", "object_repr": "Petrov", "action_flag": 2, "change_message": "[{\"changed\": {\"fields\": [\"Role\"]}}]"}}, {"model": "admin.logentry", "pk": 30, "fields": {"action_time": "2025-06-23T18:38:37.449Z", "user": 2, "content_type": 10, "object_id": "1", "object_repr": "News object (1)", "action_flag": 1, "change_message": "[{\"added\": {}}]"}}, {"model": "admin.logentry", "pk": 31, "fields": {"action_time": "2025-06-23T18:39:01.174Z", "user": 2, "content_type": 10, "object_id": "2", "object_repr": "News object (2)", "action_flag": 1, "change_message": "[{\"added\": {}}]"}}, {"model": "admin.logentry", "pk": 32, "fields": {"action_time": "2025-06-25T19:13:42.694Z", "user": 2, "content_type": 17, "object_id": "1", "object_repr": "Председатель правления — Петров Пётр Петрович", "action_flag": 1, "change_message": "[{\"added\": {}}]"}}, {"model": "admin.logentry", "pk": 33, "fields": {"action_time": "2025-06-26T18:18:39.789Z", "user": 2, "content_type": 17, "object_id": "2", "object_repr": "Председатель правления — Сергеев Сергей Сергеевич", "action_flag": 1, "change_message": "[{\"added\": {}}]"}}, {"model": "admin.logentry", "pk": 34, "fields": {"action_time": "2025-06-26T18:23:31.661Z", "user": 2, "content_type": 18, "object_id": "1", "object_repr": "Оплата для Красный октябрь", "action_flag": 1, "change_message": "[{\"added\": {}}]"}}, {"model": "admin.logentry", "pk": 35, "fields": {"action_time": "2025-06-30T08:38:19.849Z", "user": 2, "content_type": 12, "object_id": "2", "object_repr": "Голосование №2 Красный октябрь", "action_flag": 2, "change_message": "[{\"changed\": {\"fields\": [\"Active\"]}}]"}}, {"model": "admin.logentry", "pk": 36, "fields": {"action_time": "2025-07-09T16:21:56.586Z", "user": 2, "content_type": 7, "object_id": "1", "object_repr": "Красный Октябрь", "action_flag": 2, "change_message": "[{\"changed\": {\"fields\": [\"Name\", \"Description\"]}}]"}}, {"model": "admin.logentry", "pk": 37, "fields": {"action_time": "2025-07-09T16:54:43.394Z", "user": 2, "content_type": 10, "object_id": "3", "object_repr": "Новость №2", "action_flag": 1, "change_message": "[{\"added\": {}}]"}}, {"model": "admin.logentry", "pk": 38, "fields": {"action_time": "2025-07-09T17:08:11.024Z", "user": 2, "content_type": 10, "object_id": "4", "object_repr": "Новость №3", "action_flag": 1, "change_message": "[{\"added\": {}}]"}}, {"model": "admin.logentry", "pk": 39, "fields": {"action_time": "2025-07-09T17:08:30.650Z", "user": 2, "content_type": 10, "object_id": "5", "object_repr": "Новость №4", "action_flag": 1, "change_message": "[{\"added\": {}}]"}}, {"model": "admin.logentry", "pk": 40, "fields": {"action_time": "2025-07-10T11:17:44.458Z", "user": 2, "content_type": 4, "object_id": "3", "object_repr": "Ivanov", "action_flag": 2, "change_message": "[{\"changed\": {\"fields\": [\"Email address\"]}}]"}}, {"model": "admin.logentry", "pk": 41, "fields": {"action_time": "2025-07-11T09:43:21.516Z", "user": 2, "content_type": 11, "object_id": "5", "object_repr": "Sidorov", "action_flag": 2, "change_message": "[{\"changed\": {\"fields\": [\"Role\"]}}]"}}, {"model": "admin.logentry", "pk": 42, "fields": {"action_time": "2025-07-11T10:50:47.822Z", "user": 2, "content_type": 12, "object_id": "2", "object_repr": "Голосование №2 Красный октябрь", "action_flag": 2, "change_message": "[{\"changed\": {\"fields\": [\"Active\"]}}]"}}, {"model": "admin.logentry", "pk": 43, "fields": {"action_time": "2025-07-11T19:14:47.220Z", "user": 2, "content_type": 11, "object_id": "5", "object_repr": "Sidorov", "action_flag": 2, "change_message": "[{\"changed\": {\"fields\": [\"Role\"]}}]"}}, {"model": "admin.logentry", "pk": 44, "fields": {"action_time": "2025-07-11T19:15:53.022Z", "user": 2, "content_type": 4, "object_id": "7", "object_repr": "Sidorov", "action_flag": 2, "change_message": "[{\"changed\": {\"fields\": [\"Groups\"]}}]"}}, {"model": "admin.logentry", "pk": 45, "fields": {"action_time": "2025-07-11T19:25:54.671Z", "user": 2, "content_type": 4, "object_id": "7", "object_repr": "Sidorov", "action_flag": 2, "change_message": "[{\"changed\": {\"fields\": [\"Groups\"]}}]"}}, {"model": "admin.logentry", "pk": 46, "fields": {"action_time": "2025-07-11T19:35:08.461Z", "user": 2, "content_type": 10, "object_id": "2", "object_repr": "Новость №1 Мечта", "action_flag": 2, "change_message": "[{\"changed\": {\"fields\": [\"Is deleted\"]}}]"}}, {"model": "admin.logentry", "pk": 47, "fields": {"action_time": "2025-07-12T10:37:04.994Z", "user": 2, "content_type": 16, "object_id": "5", "object_repr": "Протоколы собраний - Протокол собраний 2025", "action_flag": 1, "change_message": "[{\"added\": {}}]"}}, {"model": "admin.logentry", "pk": 48, "fields": {"action_time": "2025-07-12T11:35:44.398Z", "user": 2, "content_type": 20, "object_id": "1", "object_repr": "2025 год", "action_flag": 1, "change_message": "[{\"added\": {}}]"}}, {"model": "admin.logentry", "pk": 49, "fields": {"action_time": "2025-07-12T11:38:05.686Z", "user": 2, "content_type": 20, "object_id": "2", "object_repr": "Правоустанавливающие документы", "action_flag": 1, "change_message": "[{\"added\": {}}]"}}, {"model": "admin.logentry", "pk": 50, "fields": {"action_time": "2025-07-13T13:39:21.146Z", "user": 2, "content_type": 4, "object_id": "7", "object_repr": "Sidorov", "action_flag": 2, "change_message": "[{\"changed\": {\"fields\": [\"Groups\"]}}]"}}, {"model": "admin.logentry", "pk": 51, "fields": {"action_time": "2025-07-13T13:58:58.945Z", "user": 2, "content_type": 4, "object_id": "7", "object_repr": "Sidorov", "action_flag": 2, "change_message": "[{\"changed\": {\"fields\": [\"Groups\"]}}]"}}, {"model": "admin.logentry", "pk": 52, "fields": {"action_time": "2025-07-13T13:59:13.686Z", "user": 2, "content_type": 4, "object_id": "4", "object_repr": "Petrov", "action_flag": 2, "change_message": "[{\"changed\": {\"fields\": [\"Groups\"]}}]"}}, {"model": "admin.logentry", "pk": 53, "fields": {"action_time": "2025-07-13T14:01:38.205Z", "user": 2, "content_type": 4, "object_id": "7", "object_repr": "Sidorov", "action_flag": 2, "change_message": "[{\"changed\": {\"fields\": [\"Groups\"]}}]"}}, {"model": "admin.logentry", "pk": 54, "fields": {"action_time": "2025-07-13T14:07:56.774Z", "user": 2, "content_type": 4, "object_id": "7", "object_repr": "Sidorov", "action_flag": 2, "change_message": "[{\"changed\": {\"fields\": [\"Groups\"]}}]"}}, {"model": "admin.logentry", "pk": 55, "fields": {"action_time": "2025-07-16T18:29:58.780Z", "user": 2, "content_type": 12, "object_id": "2", "object_repr": "Голосование №2 Красный октябрь", "action_flag": 2, "change_message": "[{\"changed\": {\"fields\": [\"Active\", \"\\u0414\\u0430\\u0442\\u0430 \\u043e\\u043a\\u043e\\u043d\\u0447\\u0430\\u043d\\u0438\\u044f \\u0433\\u043e\\u043b\\u043e\\u0441\\u043e\\u0432\\u0430\\u043d\\u0438\\u044f\"]}}]"}}, {"model": "admin.logentry", "pk": 56, "fields": {"action_time": "2025-07-16T19:09:19.559Z", "user": 2, "content_type": 12, "object_id": "5", "object_repr": "dfsfs", "action_flag": 3, "change_message": ""}}, {"model": "admin.logentry", "pk": 57, "fields": {"action_time": "2025-07-16T19:17:00.185Z", "user": 2, "content_type": 12, "object_id": "1", "object_repr": "Вопрос №1 СТ Красный октябрь", "action_flag": 2, "change_message": "[{\"changed\": {\"fields\": [\"Question\"]}}]"}}, {"model": "admin.logentry", "pk": 58, "fields": {"action_time": "2025-07-16T19:17:10.393Z", "user": 2, "content_type": 12, "object_id": "3", "object_repr": "Вопрос СТ Мечта", "action_flag": 2, "change_message": "[{\"changed\": {\"fields\": [\"Question\"]}}]"}}, {"model": "admin.logentry", "pk": 59, "fields": {"action_time": "2025-07-16T19:17:20.922Z", "user": 2, "content_type": 12, "object_id": "1", "object_repr": "Вопрос №1 СТ Красный октябрь", "action_flag": 2, "change_message": "[{\"changed\": {\"fields\": [\"\\u0414\\u0430\\u0442\\u0430 \\u043d\\u0430\\u0447\\u0430\\u043b\\u0430 \\u0433\\u043e\\u043b\\u043e\\u0441\\u043e\\u0432\\u0430\\u043d\\u0438\\u044f\", \"\\u0414\\u0430\\u0442\\u0430 \\u043e\\u043a\\u043e\\u043d\\u0447\\u0430\\u043d\\u0438\\u044f \\u0433\\u043e\\u043b\\u043e\\u0441\\u043e\\u0432\\u0430\\u043d\\u0438\\u044f\"]}}]"}}, {"model": "admin.logentry", "pk": 60, "fields": {"action_time": "2025-07-16T19:44:10.319Z", "user": 2, "content_type": 9, "object_id": "2", "object_repr": "Автолавка", "action_flag": 2, "change_message": "[{\"changed\": {\"fields\": [\"Active\"]}}]"}}, {"model": "admin.logentry", "pk": 61, "fields": {"action_time": "2025-07-16T19:48:51.423Z", "user": 2, "content_type": 9, "object_id": "2", "object_repr": "Автолавка", "action_flag": 2, "change_message": "[{\"changed\": {\"fields\": [\"Active\"]}}]"}}, {"model": "admin.logentry", "pk": 62, "fields": {"action_time": "2025-07-16T19:49:12.268Z", "user": 2, "content_type": 9, "object_id": "2", "object_repr": "Автолавка", "action_flag": 2, "change_message": "[{\"changed\": {\"fields\": [\"Active\"]}}]"}}, {"model": "admin.logentry", "pk": 63, "fields": {"action_time": "2025-07-16T19:50:25.127Z", "user": 2, "content_type": 9, "object_id": "1", "object_repr": "Изменение сайта", "action_flag": 2, "change_message": "[{\"changed\": {\"fields\": [\"Title\", \"Content\"]}}]"}}, {"model": "admin.logentry", "pk": 64, "fields": {"action_time": "2025-07-17T17:17:35.387Z", "user": 2, "content_type": 4, "object_id": "4", "object_repr": "Petrov", "action_flag": 2, "change_message": "[{\"changed\": {\"fields\": [\"Active\"]}}]"}}, {"model": "admin.logentry", "pk": 65, "fields": {"action_time": "2025-07-17T17:20:04.025Z", "user": 2, "content_type": 4, "object_id": "4", "object_repr": "Petrov", "action_flag": 2, "change_message": "[{\"changed\": {\"fields\": [\"Active\"]}}]"}}, {"model": "admin.logentry", "pk": 66, "fields": {"action_time": "2025-07-18T19:22:33.076Z", "user": 2, "content_type": 11, "object_id": "2", "object_repr": "Petrov", "action_flag": 2, "change_message": "[{\"changed\": {\"fields\": [\"\\u0420\\u0430\\u0437\\u0440\\u0435\\u0448\\u0435\\u043d\\u043e \\u0433\\u043e\\u043b\\u043e\\u0441\\u043e\\u0432\\u0430\\u0442\\u044c\"]}}]"}}, {"model": "admin.logentry", "pk": 67, "fields": {"action_time": "2025-07-18T19:36:15.489Z", "user": 2, "content_type": 11, "object_id": "2", "object_repr": "Petrov", "action_flag": 2, "change_message": "[{\"changed\": {\"fields\": [\"\\u0420\\u0430\\u0437\\u0440\\u0435\\u0448\\u0435\\u043d\\u043e \\u0433\\u043e\\u043b\\u043e\\u0441\\u043e\\u0432\\u0430\\u0442\\u044c\"]}}]"}}, {"model": "auth.permission", "pk": 1, "fields": {"name": "Can add log entry", "content_type": 1, "codename": "add_logentry"}}, {"model": "auth.permission", "pk": 2, "fields": {"name": "Can change log entry", "content_type": 1, "codename": "change_logentry"}}, {"model": "auth.permission", "pk": 3, "fields": {"name": "Can delete log entry", "content_type": 1, "codename": "delete_logentry"}}, {"model": "auth.permission", "pk": 4, "fields": {"name": "Can view log entry", "content_type": 1, "codename": "view_logentry"}}, {"model": "auth.permission", "pk": 5, "fields": {"name": "Can add permission", "content_type": 2, "codename": "add_permission"}}, {"model": "auth.permission", "pk": 6, "fields": {"name": "Can change permission", "content_type": 2, "codename": "change_permission"}}, {"model": "auth.permission", "pk": 7, "fields": {"name": "Can delete permission", "content_type": 2, "codename": "delete_permission"}}, {"model": "auth.permission", "pk": 8, "fields": {"name": "Can view permission", "content_type": 2, "codename": "view_permission"}}, {"model": "auth.permission", "pk": 9, "fields": {"name": "Can add group", "content_type": 3, "codename": "add_group"}}, {"model": "auth.permission", "pk": 10, "fields": {"name": "Can change group", "content_type": 3, "codename": "change_group"}}, {"model": "auth.permission", "pk": 11, "fields": {"name": "Can delete group", "content_type": 3, "codename": "delete_group"}}, {"model": "auth.permission", "pk": 12, "fields": {"name": "Can view group", "content_type": 3, "codename": "view_group"}}, {"model": "auth.permission", "pk": 13, "fields": {"name": "Can add user", "content_type": 4, "codename": "add_user"}}, {"model": "auth.permission", "pk": 14, "fields": {"name": "Can change user", "content_type": 4, "codename": "change_user"}}, {"model": "auth.permission", "pk": 15, "fields": {"name": "Can delete user", "content_type": 4, "codename": "delete_user"}}, {"model": "auth.permission", "pk": 16, "fields": {"name": "Can view user", "content_type": 4, "codename": "view_user"}}, {"model": "auth.permission", "pk": 17, "fields": {"name": "Can add content type", "content_type": 5, "codename": "add_contenttype"}}, {"model": "auth.permission", "pk": 18, "fields": {"name": "Can change content type", "content_type": 5, "codename": "change_contenttype"}}, {"model": "auth.permission", "pk": 19, "fields": {"name": "Can delete content type", "content_type": 5, "codename": "delete_contenttype"}}, {"model": "auth.permission", "pk": 20, "fields": {"name": "Can view content type", "content_type": 5, "codename": "view_contenttype"}}, {"model": "auth.permission", "pk": 21, "fields": {"name": "Can add session", "content_type": 6, "codename": "add_session"}}, {"model": "auth.permission", "pk": 22, "fields": {"name": "Can change session", "content_type": 6, "codename": "change_session"}}, {"model": "auth.permission", "pk": 23, "fields": {"name": "Can delete session", "content_type": 6, "codename": "delete_session"}}, {"model": "auth.permission", "pk": 24, "fields": {"name": "Can view session", "content_type": 6, "codename": "view_session"}}, {"model": "auth.permission", "pk": 25, "fields": {"name": "Can add community", "content_type": 7, "codename": "add_community"}}, {"model": "auth.permission", "pk": 26, "fields": {"name": "Can change community", "content_type": 7, "codename": "change_community"}}, {"model": "auth.permission", "pk": 27, "fields": {"name": "Can delete community", "content_type": 7, "codename": "delete_community"}}, {"model": "auth.permission", "pk": 28, "fields": {"name": "Can view community", "content_type": 7, "codename": "view_community"}}, {"model": "auth.permission", "pk": 29, "fields": {"name": "Can add advertisement", "content_type": 8, "codename": "add_advertisement"}}, {"model": "auth.permission", "pk": 30, "fields": {"name": "Can change advertisement", "content_type": 8, "codename": "change_advertisement"}}, {"model": "auth.permission", "pk": 31, "fields": {"name": "Can delete advertisement", "content_type": 8, "codename": "delete_advertisement"}}, {"model": "auth.permission", "pk": 32, "fields": {"name": "Can view advertisement", "content_type": 8, "codename": "view_advertisement"}}, {"model": "auth.permission", "pk": 33, "fields": {"name": "Can add forum post", "content_type": 9, "codename": "add_forumpost"}}, {"model": "auth.permission", "pk": 34, "fields": {"name": "Can change forum post", "content_type": 9, "codename": "change_forumpost"}}, {"model": "auth.permission", "pk": 35, "fields": {"name": "Can delete forum post", "content_type": 9, "codename": "delete_forumpost"}}, {"model": "auth.permission", "pk": 36, "fields": {"name": "Can view forum post", "content_type": 9, "codename": "view_forumpost"}}, {"model": "auth.permission", "pk": 37, "fields": {"name": "Can add news", "content_type": 10, "codename": "add_news"}}, {"model": "auth.permission", "pk": 38, "fields": {"name": "Can change news", "content_type": 10, "codename": "change_news"}}, {"model": "auth.permission", "pk": 39, "fields": {"name": "Can delete news", "content_type": 10, "codename": "delete_news"}}, {"model": "auth.permission", "pk": 40, "fields": {"name": "Can view news", "content_type": 10, "codename": "view_news"}}, {"model": "auth.permission", "pk": 41, "fields": {"name": "Can add profile", "content_type": 11, "codename": "add_profile"}}, {"model": "auth.permission", "pk": 42, "fields": {"name": "Can change profile", "content_type": 11, "codename": "change_profile"}}, {"model": "auth.permission", "pk": 43, "fields": {"name": "Can delete profile", "content_type": 11, "codename": "delete_profile"}}, {"model": "auth.permission", "pk": 44, "fields": {"name": "Can view profile", "content_type": 11, "codename": "view_profile"}}, {"model": "auth.permission", "pk": 45, "fields": {"name": "Can add voting", "content_type": 12, "codename": "add_voting"}}, {"model": "auth.permission", "pk": 46, "fields": {"name": "Can change voting", "content_type": 12, "codename": "change_voting"}}, {"model": "auth.permission", "pk": 47, "fields": {"name": "Can delete voting", "content_type": 12, "codename": "delete_voting"}}, {"model": "auth.permission", "pk": 48, "fields": {"name": "Can view voting", "content_type": 12, "codename": "view_voting"}}, {"model": "auth.permission", "pk": 49, "fields": {"name": "Can add vote", "content_type": 13, "codename": "add_vote"}}, {"model": "auth.permission", "pk": 50, "fields": {"name": "Can change vote", "content_type": 13, "codename": "change_vote"}}, {"model": "auth.permission", "pk": 51, "fields": {"name": "Can delete vote", "content_type": 13, "codename": "delete_vote"}}, {"model": "auth.permission", "pk": 52, "fields": {"name": "Can view vote", "content_type": 13, "codename": "view_vote"}}, {"model": "auth.permission", "pk": 53, "fields": {"name": "Can add page visit", "content_type": 14, "codename": "add_pagevisit"}}, {"model": "auth.permission", "pk": 54, "fields": {"name": "Can change page visit", "content_type": 14, "codename": "change_pagevisit"}}, {"model": "auth.permission", "pk": 55, "fields": {"name": "Can delete page visit", "content_type": 14, "codename": "delete_pagevisit"}}, {"model": "auth.permission", "pk": 56, "fields": {"name": "Can view page visit", "content_type": 14, "codename": "view_pagevisit"}}, {"model": "auth.permission", "pk": 57, "fields": {"name": "Can add appeal", "content_type": 15, "codename": "add_appeal"}}, {"model": "auth.permission", "pk": 58, "fields": {"name": "Can change appeal", "content_type": 15, "codename": "change_appeal"}}, {"model": "auth.permission", "pk": 59, "fields": {"name": "Can delete appeal", "content_type": 15, "codename": "delete_appeal"}}, {"model": "auth.permission", "pk": 60, "fields": {"name": "Can view appeal", "content_type": 15, "codename": "view_appeal"}}, {"model": "auth.permission", "pk": 61, "fields": {"name": "Can add document", "content_type": 16, "codename": "add_document"}}, {"model": "auth.permission", "pk": 62, "fields": {"name": "Can change document", "content_type": 16, "codename": "change_document"}}, {"model": "auth.permission", "pk": 63, "fields": {"name": "Can delete document", "content_type": 16, "codename": "delete_document"}}, {"model": "auth.permission", "pk": 64, "fields": {"name": "Can view document", "content_type": 16, "codename": "view_document"}}, {"model": "auth.permission", "pk": 65, "fields": {"name": "Can add board member", "content_type": 17, "codename": "add_boardmember"}}, {"model": "auth.permission", "pk": 66, "fields": {"name": "Can change board member", "content_type": 17, "codename": "change_boardmember"}}, {"model": "auth.permission", "pk": 67, "fields": {"name": "Can delete board member", "content_type": 17, "codename": "delete_boardmember"}}, {"model": "auth.permission", "pk": 68, "fields": {"name": "Can view board member", "content_type": 17, "codename": "view_boardmember"}}, {"model": "auth.permission", "pk": 69, "fields": {"name": "Can add payment info", "content_type": 18, "codename": "add_paymentinfo"}}, {"model": "auth.permission", "pk": 70, "fields": {"name": "Can change payment info", "content_type": 18, "codename": "change_paymentinfo"}}, {"model": "auth.permission", "pk": 71, "fields": {"name": "Can delete payment info", "content_type": 18, "codename": "delete_paymentinfo"}}, {"model": "auth.permission", "pk": 72, "fields": {"name": "Can view payment info", "content_type": 18, "codename": "view_paymentinfo"}}, {"model": "auth.permission", "pk": 73, "fields": {"name": "Can add comment", "content_type": 19, "codename": "add_comment"}}, {"model": "auth.permission", "pk": 74, "fields": {"name": "Can change comment", "content_type": 19, "codename": "change_comment"}}, {"model": "auth.permission", "pk": 75, "fields": {"name": "Can delete comment", "content_type": 19, "codename": "delete_comment"}}, {"model": "auth.permission", "pk": 76, "fields": {"name": "Can view comment", "content_type": 19, "codename": "view_comment"}}, {"model": "auth.permission", "pk": 77, "fields": {"name": "Can add document folder", "content_type": 20, "codename": "add_documentfolder"}}, {"model": "auth.permission", "pk": 78, "fields": {"name": "Can change document folder", "content_type": 20, "codename": "change_documentfolder"}}, {"model": "auth.permission", "pk": 79, "fields": {"name": "Can delete document folder", "content_type": 20, "codename": "delete_documentfolder"}}, {"model": "auth.permission", "pk": 80, "fields": {"name": "Can view document folder", "content_type": 20, "codename": "view_documentfolder"}}, {"model": "auth.group", "pk": 1, "fields": {"name": "KrOk", "permissions": []}}, {"model": "auth.group", "pk": 2, "fields": {"name": "Председатель", "permissions": []}}, {"model": "auth.group", "pk": 3, "fields": {"name": "Правление", "permissions": []}}, {"model": "auth.user", "pk": 2, "fields": {"password": "pbkdf2_sha256$1000000$rBiylj86m0h6rac5UZH2rA$a7zj+Rhw/qVZodVQ+yZA/AfVBppDmZzH4YE7HIKdfOI=", "last_login": "2025-07-20T05:41:36.909Z", "is_superuser": true, "username": "admin", "first_name": "", "last_name": "", "email": "", "is_staff": true, "is_active": true, "date_joined": "2025-06-16T18:34:46.201Z", "groups": [], "user_permissions": []}}, {"model": "auth.user", "pk": 3, "fields": {"password": "pbkdf2_sha256$1000000$LdCTUSPLa6eIyiaBOT4KOR$llGee5nLpDjm9dg9JJx1mH9lCDTK3fFdGdpIjCWWOro=", "last_login": "2025-07-20T13:56:02.036Z", "is_superuser": false, "username": "Ivanov", "first_name": "", "last_name": "", "email": "mex-1991@tut.by", "is_staff": false, "is_active": true, "date_joined": "2025-06-17T17:54:00Z", "groups": [1], "user_permissions": []}}, {"model": "auth.user", "pk": 4, "fields": {"password": "pbkdf2_sha256$1000000$HErf8MRwXTRxCU44klvQmb$xV45flnabHndPGeXIWj7dTtcZOXi54N8Uu7cM9g4Jjw=", "last_login": "2025-07-20T05:45:59.616Z", "is_superuser": false, "username": "Petrov", "first_name": "", "last_name": "", "email": "", "is_staff": false, "is_active": true, "date_joined": "2025-06-19T17:06:05Z", "groups": [], "user_permissions": [58, 59, 60, 33, 34, 35, 36]}}, {"model": "auth.user", "pk": 5, "fields": {"password": "pbkdf2_sha256$1000000$wSa0zkT6WNdzg5Crs7P6Dn$ZNMmoVgR2Wg9apYNUqGOZTS98nBm/KXynDIVCskj6Ww=", "last_login": "2025-07-19T20:22:44.517Z", "is_superuser": false, "username": "Ivanov_2", "first_name": "", "last_name": "", "email": "", "is_staff": false, "is_active": true, "date_joined": "2025-06-22T12:32:19.941Z", "groups": [], "user_permissions": []}}, {"model": "auth.user", "pk": 6, "fields": {"password": "pbkdf2_sha256$1000000$lYWYLzxibaJhBQSvgvIadp$EfassNKJQEQuxo/6EBPPo+IHB+NKHqDRpv9UOi5Tb20=", "last_login": "2025-07-20T05:35:04.674Z", "is_superuser": false, "username": "Ivanov_3", "first_name": "", "last_name": "", "email": "", "is_staff": false, "is_active": true, "date_joined": "2025-06-22T12:38:11.125Z", "groups": [], "user_permissions": []}}, {"model": "auth.user", "pk": 7, "fields": {"password": "pbkdf2_sha256$1000000$Si44CM4GdA5cgfUynABByB$16gTwDPKskwVPKF46OSa5CfkrneG2ugTzLmYlJvNPHI=", "last_login": "2025-07-20T13:36:35.485Z", "is_superuser": false, "username": "Sidorov", "first_name": "", "last_name": "", "email": "", "is_staff": false, "is_active": true, "date_joined": "2025-06-22T13:03:41Z", "groups": [], "user_permissions": []}}, {"model": "contenttypes.contenttype", "pk": 1, "fields": {"app_label": "admin", "model": "logentry"}}, {"model": "contenttypes.contenttype", "pk": 2, "fields": {"app_label": "auth", "model": "permission"}}, {"model": "contenttypes.contenttype", "pk": 3, "fields": {"app_label": "auth", "model": "group"}}, {"model": "contenttypes.contenttype", "pk": 4, "fields": {"app_label": "auth", "model": "user"}}, {"model": "contenttypes.contenttype", "pk": 5, "fields": {"app_label": "contenttypes", "model": "contenttype"}}, {"model": "contenttypes.contenttype", "pk": 6, "fields": {"app_label": "sessions", "model": "session"}}, {"model": "contenttypes.contenttype", "pk": 7, "fields": {"app_label": "garden", "model": "community"}}, {"model": "contenttypes.contenttype", "pk": 8, "fields": {"app_label": "garden", "model": "advertisement"}}, {"model": "contenttypes.contenttype", "pk": 9, "fields": {"app_label": "garden", "model": "forumpost"}}, {"model": "contenttypes.contenttype", "pk": 10, "fields": {"app_label": "garden", "model": "news"}}, {"model": "contenttypes.contenttype", "pk": 11, "fields": {"app_label": "garden", "model": "profile"}}, {"model": "contenttypes.contenttype", "pk": 12, "fields": {"app_label": "garden", "model": "voting"}}, {"model": "contenttypes.contenttype", "pk": 13, "fields": {"app_label": "garden", "model": "vote"}}, {"model": "contenttypes.contenttype", "pk": 14, "fields": {"app_label": "garden", "model": "pagevisit"}}, {"model": "contenttypes.contenttype", "pk": 15, "fields": {"app_label": "garden", "model": "appeal"}}, {"model": "contenttypes.contenttype", "pk": 16, "fields": {"app_label": "garden", "model": "document"}}, {"model": "contenttypes.contenttype", "pk": 17, "fields": {"app_label": "garden", "model": "boardmember"}}, {"model": "contenttypes.contenttype", "pk": 18, "fields": {"app_label": "garden", "model": "paymentinfo"}}, {"model": "contenttypes.contenttype", "pk": 19, "fields": {"app_label": "garden", "model": "comment"}}, {"model": "contenttypes.contenttype", "pk": 20, "fields": {"app_label": "garden", "model": "documentfolder"}}, {"model": "sessions.session", "pk": "5eykn3blxt0fex18d76gidr2poketa72", "fields": {"session_data": ".eJxVjDsOwjAQBe_iGlnejT8xJT1nsDbrBQeQI8VJhbg7iZQC2pl5760SrUtJa5M5jVmdlVWnXzYQP6XuIj-o3ifNU13mcdB7og_b9HXK8roc7d9BoVa2dXCMhrO3CMGjGHQUonfAAfrIARmAkaCTSC53iDeQaD33MccNGlSfL7T6Nq4:1udBoi:8ZdsKwrSbIckc13edNczFY9zWPW8VNbV_t1WU3NQ0Ok", "expire_date": "2025-08-02T17:57:48.817Z"}}, {"model": "sessions.session", "pk": "9o45qsbkwb33o2kt6qpxi20ak2daaey9", "fields": {"session_data": ".eJxVjMsOwiAQRf-FtSGAw6Mu3fcbyAwMUjU0Ke3K-O_apAvd3nPOfYmI21rj1nmJUxYX4cXpdyNMD247yHdst1mmua3LRHJX5EG7HOfMz-vh_h1U7PVbo7cAfAalAGzQHAoXl9BktM64jEoZJOCgvNVsiYwpxWgehmw9EYF4fwDZuzf2:1udE5u:gby-cf1rqULH7InYPrrNinmtx15uWJ8f3KOsXzijrxU", "expire_date": "2025-08-02T20:23:42.254Z"}}, {"model": "sessions.session", "pk": "bgvjgltl9y39gglm49ogalspbver5dv7", "fields": {"session_data": ".eJxVjEEOgjAQRe_StWk6UCh16d4zkJnOjKCmTSisjHdXEha6_e-9_zIjbus0blWWcWZzNq05_W6E6SF5B3zHfCs2lbwuM9ldsQet9lpYnpfD_TuYsE7fGljABQehbTj6EGUgQo-kGMD5TpMygSbfRh2wC64HAHSxEZa-6ZTM-wPl8jgi:1udSZN:mgkgOH3P5S29lS7D6z5xcAVeqYnTQKd9vSGqAtd2Gho", "expire_date": "2025-08-03T11:51:05.445Z"}}, {"model": "sessions.session", "pk": "n65lh6ahgyc27ex2yeqsg7d8naygykxa", "fields": {"session_data": ".eJxVjEEOgjAQRe_StWk6UCh16d4zkJnOjKCmTSisjHdXEha6_e-9_zIjbus0blWWcWZzNq05_W6E6SF5B3zHfCs2lbwuM9ldsQet9lpYnpfD_TuYsE7fGljABQehbTj6EGUgQo-kGMD5TpMygSbfRh2wC64HAHSxEZa-6ZTM-wPl8jgi:1udUEi:FtBmjOd2e-rxNGJTuFwhN9E5EDFWjf9kdvZOyDzWOY8", "expire_date": "2025-08-03T13:37:52.042Z"}}, {"model": "sessions.session", "pk": "pphi9pls1wl7elb7eoyx33ezhxg7g0nu", "fields": {"session_data": ".eJxVjEEOgjAQRe_StWk6UCh16d4zkJnOjKCmTSisjHdXEha6_e-9_zIjbus0blWWcWZzNq05_W6E6SF5B3zHfCs2lbwuM9ldsQet9lpYnpfD_TuYsE7fGljABQehbTj6EGUgQo-kGMD5TpMygSbfRh2wC64HAHSxEZa-6ZTM-wPl8jgi:1udUWI:zQXUB-FDDWdPstceQx12-rRFRw5Cp7LXjZ2SlUIXmlE", "expire_date": "2025-08-03T13:56:02.041Z"}}, {"model": "sessions.session", "pk": "sqmzt7h876s9o3tu04gjabv49l7gaffu", "fields": {"session_data": ".eJxVjMsOwiAQRf-FtSHMMKB26d5vIAODFh80Ka0b47_bJl3o9p5zz1sFnqc-zC2PoYjqFKrd7xY53XNdgdy4XgedhjqNJepV0Rtt-jxIfpw29y_Qc-uXd0JPbIASgAHxJA4RgB2hxUgoSCnao7HRZWLkdCEhe9jniGzFW1iir9LK1EKdn6qDzxcXZDwv:1uRarJ:V3oiopBME-pl912WD31cFkhxf4Kf7bmtPhkGyWF2J6U", "expire_date": "2025-07-01T18:16:33.119Z"}}, {"model": "sessions.session", "pk": "x77fcppqqfkefuiumj07xsbfrqx8tga3", "fields": {"session_data": ".eJxVjMsOgjAQRf-la9NQoFPq0r3f0EznIagpCYWV8d-VhIVu7znnvkzCbR3TVmVJE5uz6c3pd8tIDyk74DuW22xpLusyZbsr9qDVXmeW5-Vw_w5GrOO3dl3DEqDz5JQkMIj6yMIKICBMqihtHuIwQMOUGUg7cg6pDdiDj-b9AR8FOWs:1ucr2H:WfeATWeWGux22gO-q35dZb233djQarIWUYRSvs6SE5c", "expire_date": "2025-08-01T19:46:25.061Z"}}, {"model": "garden.community", "pk": 1, "fields": {"name": "Красный Октябрь", "description": "Из истории Красного октября. \r\nИз деревни шли три узкоколейные железные дороги. От торфоразработки  на стекольный завод, в сторону Борисова, одна в Ляховку и ещё одна в Лещины, по ней возили лес к реке. \r\nОстатки дороги к Березине - конец улицы Машиностроителей, где улья с пчёлами и уже заброшенная лесная дорога с небольшими отвалами по бокам - это бывшая железнодорожная насыпь.", "legal_address": "", "postal_address": "", "bank_details": "", "additional_info": "Время приёма: 9:00-11:00"}}, {"model": "garden.community", "pk": 2, "fields": {"name": "Мечта", "description": "Садовое товарищество \"Мечта\"", "legal_address": null, "postal_address": null, "bank_details": null, "additional_info": null}}, {"model": "garden.profile", "pk": 1, "fields": {"user": 3, "community": 1, "role": "user", "can_vote": true, "last_seen": "2025-07-20T14:01:39.232Z"}}, {"model": "garden.profile", "pk": 2, "fields": {"user": 4, "community": 1, "role": "chairman", "can_vote": true, "last_seen": null}}, {"model": "garden.profile", "pk": 3, "fields": {"user": 5, "community": 1, "role": "user", "can_vote": true, "last_seen": null}}, {"model": "garden.profile", "pk": 4, "fields": {"user": 6, "community": 1, "role": "user", "can_vote": true, "last_seen": null}}, {"model": "garden.profile", "pk": 5, "fields": {"user": 7, "community": 2, "role": "chairman", "can_vote": true, "last_seen": null}}, {"model": "garden.news", "pk": 1, "fields": {"community": 1, "title": "Новость №1 Красный октябрь", "content": "Полное описание новости №1 Красный октябрь", "created_at": "2025-06-23T18:38:37.437Z", "is_deleted": false}}, {"model": "garden.news", "pk": 2, "fields": {"community": 2, "title": "Новость №1 Мечта", "content": "Полное описание новости №1 СТ Мечта", "created_at": "2025-06-23T18:39:01.172Z", "is_deleted": false}}, {"model": "garden.news", "pk": 3, "fields": {"community": 1, "title": "Новость №2", "content": "описание новости №2", "created_at": "2025-07-09T16:54:43.394Z", "is_deleted": false}}, {"model": "garden.news", "pk": 4, "fields": {"community": 1, "title": "Новость №3", "content": "Описание новости № 3 Описание новости № 3 Описание новости № 3 Описание новости № 3 Описание новости № 3 Описание новости № 3 Описание новости № 3 Описание новости № 3 Описание новости № 3 Описание новости № 3 Описание новости № 3 Описание новости № 3\r\nОписание новости № 3 Описание новости № 3 Описание новости № 3 Описание новости № 3 Описание новости № 3 Описание новости № 3 Описание новости № 3 Описание новости № 3 Описание новости № 3 Описание новости № 3 Описание новости № 3 Описание новости № 3 паоорпаплрмлрмрлоироилроило", "created_at": "2025-07-09T17:08:11.012Z", "is_deleted": false}}, {"model": "garden.news", "pk": 5, "fields": {"community": 1, "title": "Новость №4", "content": "Новость №4", "created_at": "2025-07-09T17:08:30.649Z", "is_deleted": false}}, {"model": "garden.news", "pk": 6, "fields": {"community": 2, "title": "Новость СТ Мечта №2", "content": "В выходные в Беларуси впервые за долгое время откроется охота на бурого медведя. Разбираемся, почему в стране разрешили стрелять в косолапых, кто получил разрешения и зачем вообще это нужно. Эксперт делится своим мнением: поможет ли эта мера сдержать рост популяции?", "created_at": "2025-07-11T20:00:58.638Z", "is_deleted": false}}, {"model": "garden.forumpost", "pk": 1, "fields": {"user": 2, "title": "Изменение сайта", "content": "Для удобства пользование сайтом укажите чтобы вы хотели исправить или добавить", "created_at": "2025-06-16T18:48:30.286Z", "active": true}}, {"model": "garden.forumpost", "pk": 2, "fields": {"user": 3, "title": "Автолавка", "content": "Хочу, чтобы автолавка приезжала каждый день", "created_at": "2025-06-26T18:35:32.399Z", "active": false}}, {"model": "garden.comment", "pk": 1, "fields": {"post": 1, "user": 2, "parent": null, "content": "Комментарий №1", "created_at": "2025-06-26T19:20:33.067Z"}}, {"model": "garden.comment", "pk": 2, "fields": {"post": 1, "user": 3, "parent": 1, "content": "Комент на комент 1", "created_at": "2025-06-27T18:50:19.886Z"}}, {"model": "garden.comment", "pk": 3, "fields": {"post": 1, "user": 3, "parent": null, "content": "просто комент", "created_at": "2025-06-27T18:50:27.944Z"}}, {"model": "garden.comment", "pk": 4, "fields": {"post": 1, "user": 7, "parent": 2, "content": "комент на комент на комент", "created_at": "2025-06-27T18:52:03.690Z"}}, {"model": "garden.comment", "pk": 5, "fields": {"post": 1, "user": 7, "parent": 3, "content": "комент на просто комент", "created_at": "2025-06-27T19:19:38.499Z"}}, {"model": "garden.comment", "pk": 6, "fields": {"post": 1, "user": 7, "parent": 2, "content": "Коммент 2 на комент 1", "created_at": "2025-06-27T19:21:47.021Z"}}, {"model": "garden.comment", "pk": 7, "fields": {"post": 1, "user": 4, "parent": null, "content": "Добрый день", "created_at": "2025-07-19T18:02:05.079Z"}}, {"model": "garden.comment", "pk": 8, "fields": {"post": 1, "user": 4, "parent": 4, "content": "Добрый день", "created_at": "2025-07-19T18:02:57.072Z"}}, {"model": "garden.advertisement", "pk": 2, "fields": {"title": "Продам гараж", "description": "Продам большой гараж 6*4", "photo": "ads_photos/Снимок_экрана_2025-03-24_211030_A73YxIS.png", "contact": "+375291111111", "owner": 3, "created_at": "2025-06-29T19:15:27.219Z", "updated_at": "2025-06-29T19:15:27.219Z"}}, {"model": "garden.advertisement", "pk": 3, "fields": {"title": "Продам гараж", "description": "Продам большой гараж 6*4", "photo": "", "contact": "+375291111111", "owner": 3, "created_at": "2025-06-29T19:18:28.000Z", "updated_at": "2025-06-30T08:29:28.600Z"}}, {"model": "garden.advertisement", "pk": 5, "fields": {"title": "Объявление №4", "description": "Объявление №4", "photo": "", "contact": "не указан", "owner": 3, "created_at": "2025-07-10T14:38:19.009Z", "updated_at": "2025-07-10T14:38:19.009Z"}}, {"model": "garden.advertisement", "pk": 6, "fields": {"title": "Объявление №5", "description": "Если описание объявлений не обрезается и кнопка «Читать полностью» не появляется, вероятно, проблема в том, что CSS ограничение по строкам не работает (например, из-за особенностей тега <p> с linebreaks в Django) или JavaScript не срабатывает", "photo": "", "contact": "не указан", "owner": 3, "created_at": "2025-07-10T14:41:15.072Z", "updated_at": "2025-07-10T15:06:10.452Z"}}, {"model": "garden.advertisement", "pk": 7, "fields": {"title": "Объявление №6", "description": "Объявление №6Объявление №6Объявление №6Объявление №6Объявление №6Объявление №6Объявление №6Объявление №6", "photo": "", "contact": "не указан", "owner": 3, "created_at": "2025-07-10T14:41:48.578Z", "updated_at": "2025-07-10T14:41:48.578Z"}}, {"model": "garden.advertisement", "pk": 9, "fields": {"title": "Объявление №6", "description": "Объявление №6", "photo": "", "contact": "+375291111111", "owner": 3, "created_at": "2025-07-10T16:49:16.303Z", "updated_at": "2025-07-10T16:49:16.303Z"}}, {"model": "garden.advertisement", "pk": 10, "fields": {"title": "Объявление 7", "description": "Объявление 7", "photo": "", "contact": "+375291111111", "owner": 3, "created_at": "2025-07-10T16:54:55.743Z", "updated_at": "2025-07-10T16:54:55.743Z"}}, {"model": "garden.advertisement", "pk": 11, "fields": {"title": "Объявление №8", "description": "Объявление №8", "photo": "", "contact": "+37529111", "owner": 5, "created_at": "2025-07-10T17:02:10.195Z", "updated_at": "2025-07-10T17:02:10.195Z"}}, {"model": "garden.advertisement", "pk": 12, "fields": {"title": "Объявление №10", "description": "о", "photo": "", "contact": "+375291111111", "owner": 4, "created_at": "2025-07-10T18:14:24.504Z", "updated_at": "2025-07-10T18:14:24.504Z"}}, {"model": "garden.advertisement", "pk": 13, "fields": {"title": "Объявление №12", "description": "п", "photo": "", "contact": "+375291111111", "owner": 4, "created_at": "2025-07-10T18:14:53.139Z", "updated_at": "2025-07-10T18:14:53.139Z"}}, {"model": "garden.advertisement", "pk": 14, "fields": {"title": "Объяление СТ Меччта", "description": "Продам", "photo": "", "contact": "123", "owner": 7, "created_at": "2025-07-20T11:49:49.925Z", "updated_at": "2025-07-20T11:49:49.925Z"}}, {"model": "garden.voting", "pk": 1, "fields": {"community": 1, "question": "Вопрос №1 СТ Красный октябрь", "active": false, "created_at": "2025-06-22T12:15:05.972Z", "start_date": "2025-07-23T19:01:51Z", "end_date": "2025-07-31T19:01:51Z"}}, {"model": "garden.voting", "pk": 2, "fields": {"community": 1, "question": "Вопрос №2 Красный октябрь", "active": true, "created_at": "2025-06-22T13:01:20.420Z", "start_date": "2025-07-16T19:01:51.728Z", "end_date": "2025-07-31T14:00:00Z"}}, {"model": "garden.voting", "pk": 3, "fields": {"community": 2, "question": "Вопрос СТ Мечта", "active": true, "created_at": "2025-06-22T13:01:40.470Z", "start_date": "2025-07-16T19:01:51Z", "end_date": "2025-07-16T19:01:51Z"}}, {"model": "garden.voting", "pk": 4, "fields": {"community": 1, "question": "Вопрос №3 Красный октябрь", "active": true, "created_at": "2025-07-12T19:06:49.500Z", "start_date": "2025-07-16T19:01:51.728Z", "end_date": "2025-07-31T14:00:00Z"}}, {"model": "garden.voting", "pk": 6, "fields": {"community": 1, "question": "Вопрос №4 Красный Октябрь", "active": true, "created_at": "2025-07-16T19:25:02.039Z", "start_date": "2025-07-21T22:24:00Z", "end_date": "2025-07-31T22:24:00Z"}}, {"model": "garden.vote", "pk": 2, "fields": {"voting": 6, "user": 3, "choice": "for"}}, {"model": "garden.vote", "pk": 3, "fields": {"voting": 4, "user": 3, "choice": "against"}}, {"model": "garden.vote", "pk": 4, "fields": {"voting": 2, "user": 3, "choice": "abstained"}}, {"model": "garden.vote", "pk": 5, "fields": {"voting": 4, "user": 4, "choice": "against"}}, {"model": "garden.vote", "pk": 6, "fields": {"voting": 6, "user": 4, "choice": "against"}}, {"model": "garden.pagevisit", "pk": 1, "fields": {"page_name": "main_page", "visits": 714}}, {"model": "garden.appeal", "pk": 1, "fields": {"user": 3, "appeal_type": "question", "text": "Когда будет собрание?", "created_at": "2025-06-18T18:36:42.389Z", "response": "Скоро, очень скоро, Скоро, очень скоро всё будет", "responded_at": "2025-07-11T10:02:27.789Z", "responder": 4}}, {"model": "garden.appeal", "pk": 2, "fields": {"user": 3, "appeal_type": "complaint", "text": "Нет воды!", "created_at": "2025-06-19T17:32:21.589Z", "response": null, "responded_at": null, "responder": null}}, {"model": "garden.appeal", "pk": 3, "fields": {"user": 2, "appeal_type": "question", "text": "Когда проведут газ?", "created_at": "2025-06-19T17:33:00.833Z", "response": "Сегодня или завтра", "responded_at": "2025-07-13T14:14:04.850Z", "responder": 4}}, {"model": "garden.documentfolder", "pk": 1, "fields": {"name": "2025 год", "community": 1}}, {"model": "garden.documentfolder", "pk": 2, "fields": {"name": "Правоустанавливающие документы", "community": 1}}, {"model": "garden.document", "pk": 6, "fields": {"community": 1, "folder": 1, "doc_type": "report", "title": "Отчёт за 2025 год", "file": "community_documents/2025/07/12/Снимок_экрана_1_yiR9xk8.png", "uploaded_at": "2025-07-12T11:36:33.970Z", "is_deleted": false}}, {"model": "garden.document", "pk": 7, "fields": {"community": 1, "folder": 2, "doc_type": "internal_rules", "title": "Правила", "file": "community_documents/2025/07/12/Снимок_экрана_2025-02-22_170113.png", "uploaded_at": "2025-07-12T11:39:14.603Z", "is_deleted": false}}, {"model": "garden.boardmember", "pk": 1, "fields": {"community": 1, "role": "chairman", "full_name": "Петров Пётр Петрович", "plot_number": "700", "phone": "+375290000000"}}, {"model": "garden.boardmember", "pk": 2, "fields": {"community": 2, "role": "chairman", "full_name": "Сергеев Сергей Сергеевич", "plot_number": "500", "phone": "+375291111111"}}, {"model": "garden.paymentinfo", "pk": 1, "fields": {"community": 1, "membership_fee_amount": "180.00", "membership_fee_due_date": "2025-08-01", "membership_fee_instruction": "ЕРИП ->БЛА бла бла", "additional_fee_amount": null, "additional_fee_due_date": null}}, {"model": "garden.paymentinfo", "pk": 2, "fields": {"community": 2, "membership_fee_amount": null, "membership_fee_due_date": null, "membership_fee_instruction": "", "additional_fee_amount": null, "additional_fee_due_date": null}}]